1,Hardwood Oak Suffolk Internal Door,Doors,109.99
2,Oregon Cottage Interior Oak Door,Doors,179.99
3,Oregon Cottage Horizontal Interior White Oak Door,Doors,189.99
4,4 Panel Oak Deco Interior Door,Doors,209.09
5,Worcester 2000 30kW Ng Combi Boiler Includes Free Comfort+ II controller,Boilers,989.99
6,Glow-worm Betacom 4 30kW Combi Gas Boiler ERP,Boilers,787.99
7,Worcester 2000 25kW Ng Combi Boiler with Free Comfort+ II controller,Boilers,859.99
8,Wienerberger Terca Class B Engineering Brick Red 215mm x 102.5mm x 65mm (Pack of 504),Bricks,402.99
9,Wienerberger Terca Engineering Brick Blue Perforated Class B 65mm (Pack of 400),Bricks,659.99
10,Wienerberger Engineering Brick Red Smooth Class B 73mm - Pack of 368,Bricks,523.99
11,Victorian 4 Panel Oak Interior Door,Doors,149.99
12,Modern White Primed Interior Door,Doors,129.99
13,Contemporary Flush Walnut Veneer Door,Doors,199.99
14,Ideal Logic+ 24kW Combi Boiler,Boilers,649.99
15,Baxi 800 30kW Combi Boiler with Adey Filter,Boilers,899.99
16,Vaillant ecoFIT Pure 825 Combi Boiler,Boilers,849.99
17,Marshalls Drivesett Tegula Block Paving 50mm Brindle (Pack of 488),Bricks,350.99
18,Hanson Heather Red Multi Facing Bricks (Pack of 390),Bricks,429.99
19,Forterra LBC Commons Bricks - Pack of 400,Bricks,359.99
20,Classical 6 Panel Pine Internal Door,Doors,119.99